{"Groups":[
  {
    "UniqueId": "Group-1",
    "Title": "Roskilde....Its Nice To Explore",
    "Subtitle": "Know Us",
    "ImagePath": "Assets/DarkGray.png",
    "Description" : "Group Description: Lorem ipsum dolor sit amet, consectetur adipiscing elit. Vivamus tempor scelerisque lorem in vehicula. Aliquam tincidunt, lacus ut sagittis tristique, turpis massa volutpat augue, eu rutrum ligula ante a ante",
    "Items":
    [
      {
        "UniqueId": "Group-1-Item-1",
        "Title": "Library",
        "Subtitle": "Roskilde Bibliotekerne",
        "ImagePath": "Assets/Roskilde Library.jpg",
        "Description" : "Item Description: Pellentesque porta, mauris quis interdum vehicula, urna sapien ultrices velit, nec venenatis dui odio in augue. Cras posuere, enim a cursus convallis, neque turpis malesuada erat, ut adipiscing neque tortor ac erat.",
        "Content" : "Curabitur class aliquam vestibulum nam curae maecenas sed integer cras phasellus suspendisse quisque donec dis praesent accumsan bibendum pellentesque condimentum adipiscing etiam consequat vivamus dictumst aliquam duis convallis scelerisque est parturient ullamcorper aliquet fusce suspendisse nunc hac eleifend amet blandit facilisi condimentum commodo scelerisque faucibus aenean ullamcorper ante mauris dignissim consectetuer nullam lorem vestibulum habitant conubia elementum pellentesque morbi facilisis arcu sollicitudin diam cubilia aptent vestibulum auctor eget dapibus pellentesque inceptos leo egestas interdum nulla consectetuer suspendisse adipiscing pellentesque proin lobortis sollicitudin augue elit mus congue fermentum parturient fringilla euismod feugiat\n\nCurabitur class aliquam vestibulum nam curae maecenas sed integer cras phasellus suspendisse quisque donec dis praesent accumsan bibendum pellentesque condimentum adipiscing etiam consequat vivamus dictumst aliquam duis convallis scelerisque est parturient ullamcorper aliquet fusce suspendisse nunc hac eleifend amet blandit facilisi condimentum commodo scelerisque faucibus aenean ullamcorper ante mauris dignissim consectetuer nullam lorem vestibulum habitant conubia elementum pellentesque morbi facilisis arcu sollicitudin diam cubilia aptent vestibulum auctor eget dapibus pellentesque inceptos leo egestas interdum nulla consectetuer suspendisse adipiscing pellentesque proin lobortis sollicitudin augue elit mus congue fermentum parturient fringilla euismod feugiat\n\nCurabitur class aliquam vestibulum nam curae maecenas sed integer cras phasellus suspendisse quisque donec dis praesent accumsan bibendum pellentesque condimentum adipiscing etiam consequat vivamus dictumst aliquam duis convallis scelerisque est parturient ullamcorper aliquet fusce suspendisse nunc hac eleifend amet blandit facilisi condimentum commodo scelerisque faucibus aenean ullamcorper ante mauris dignissim consectetuer nullam lorem vestibulum habitant conubia elementum pellentesque morbi facilisis arcu sollicitudin diam cubilia aptent vestibulum auctor eget dapibus pellentesque inceptos leo egestas interdum nulla consectetuer suspendisse adipiscing pellentesque proin lobortis sollicitudin augue elit mus congue fermentum parturient fringilla euismod feugiat\n\nCurabitur class aliquam vestibulum nam curae maecenas sed integer cras phasellus suspendisse quisque donec dis praesent accumsan bibendum pellentesque condimentum adipiscing etiam consequat vivamus dictumst aliquam duis convallis scelerisque est parturient ullamcorper aliquet fusce suspendisse nunc hac eleifend amet blandit facilisi condimentum commodo scelerisque faucibus aenean ullamcorper ante mauris dignissim consectetuer nullam lorem vestibulum habitant conubia elementum pellentesque morbi facilisis arcu sollicitudin diam cubilia aptent vestibulum auctor eget dapibus pellentesque inceptos leo egestas interdum nulla consectetuer suspendisse adipiscing pellentesque proin lobortis sollicitudin augue elit mus congue fermentum parturient fringilla euismod feugiat\n\nCurabitur class aliquam vestibulum nam curae maecenas sed integer cras phasellus suspendisse quisque donec dis praesent accumsan bibendum pellentesque condimentum adipiscing etiam consequat vivamus dictumst aliquam duis convallis scelerisque est parturient ullamcorper aliquet fusce suspendisse nunc hac eleifend amet blandit facilisi condimentum commodo scelerisque faucibus aenean ullamcorper ante mauris dignissim consectetuer nullam lorem vestibulum habitant conubia elementum pellentesque morbi facilisis arcu sollicitudin diam cubilia aptent vestibulum auctor eget dapibus pellentesque inceptos leo egestas interdum nulla consectetuer suspendisse adipiscing pellentesque proin lobortis sollicitudin augue elit mus congue fermentum parturient fringilla euismod feugiat\n\nCurabitur class aliquam vestibulum nam curae maecenas sed integer cras phasellus suspendisse quisque donec dis praesent accumsan bibendum pellentesque condimentum adipiscing etiam consequat vivamus dictumst aliquam duis convallis scelerisque est parturient ullamcorper aliquet fusce suspendisse nunc hac eleifend amet blandit facilisi condimentum commodo scelerisque faucibus aenean ullamcorper ante mauris dignissim consectetuer nullam lorem vestibulum habitant conubia elementum pellentesque morbi facilisis arcu sollicitudin diam cubilia aptent vestibulum auctor eget dapibus pellentesque inceptos leo egestas interdum nulla consectetuer suspendisse adipiscing pellentesque proin lobortis sollicitudin augue elit mus congue fermentum parturient fringilla euismod feugiat\n\nCurabitur class aliquam vestibulum nam curae maecenas sed integer cras phasellus suspendisse quisque donec dis praesent accumsan bibendum pellentesque condimentum adipiscing etiam consequat vivamus dictumst aliquam duis convallis scelerisque est parturient ullamcorper aliquet fusce suspendisse nunc hac eleifend amet blandit facilisi condimentum commodo scelerisque faucibus aenean ullamcorper ante mauris dignissim consectetuer nullam lorem vestibulum habitant conubia elementum pellentesque morbi facilisis arcu sollicitudin diam cubilia aptent vestibulum auctor eget dapibus pellentesque inceptos leo egestas interdum nulla consectetuer suspendisse adipiscing pellentesque proin lobortis sollicitudin augue elit mus congue fermentum parturient fringilla euismod feugiat"
      },
      {
        "UniqueId": "Group-1-Item-2",
        "Title": "Police Station",
        "Subtitle": "Item Subtitle: 2",
        "ImagePath": "Assets/police.jpg",
        "Description" : "Item Description: Pellentesque porta, mauris quis interdum vehicula, urna sapien ultrices velit, nec venenatis dui odio in augue. Cras posuere, enim a cursus convallis, neque turpis malesuada erat, ut adipiscing neque tortor ac erat.",
        "Content" : "Curabitur class aliquam vestibulum nam curae maecenas sed integer cras phasellus suspendisse quisque donec dis praesent accumsan bibendum pellentesque condimentum adipiscing etiam consequat vivamus dictumst aliquam duis convallis scelerisque est parturient ullamcorper aliquet fusce suspendisse nunc hac eleifend amet blandit facilisi condimentum commodo scelerisque faucibus aenean ullamcorper ante mauris dignissim consectetuer nullam lorem vestibulum habitant conubia elementum pellentesque morbi facilisis arcu sollicitudin diam cubilia aptent vestibulum auctor eget dapibus pellentesque inceptos leo egestas interdum nulla consectetuer suspendisse adipiscing pellentesque proin lobortis sollicitudin augue elit mus congue fermentum parturient fringilla euismod feugiat\n\nCurabitur class aliquam vestibulum nam curae maecenas sed integer cras phasellus suspendisse quisque donec dis praesent accumsan bibendum pellentesque condimentum adipiscing etiam consequat vivamus dictumst aliquam duis convallis scelerisque est parturient ullamcorper aliquet fusce suspendisse nunc hac eleifend amet blandit facilisi condimentum commodo scelerisque faucibus aenean ullamcorper ante mauris dignissim consectetuer nullam lorem vestibulum habitant conubia elementum pellentesque morbi facilisis arcu sollicitudin diam cubilia aptent vestibulum auctor eget dapibus pellentesque inceptos leo egestas interdum nulla consectetuer suspendisse adipiscing pellentesque proin lobortis sollicitudin augue elit mus congue fermentum parturient fringilla euismod feugiat\n\nCurabitur class aliquam vestibulum nam curae maecenas sed integer cras phasellus suspendisse quisque donec dis praesent accumsan bibendum pellentesque condimentum adipiscing etiam consequat vivamus dictumst aliquam duis convallis scelerisque est parturient ullamcorper aliquet fusce suspendisse nunc hac eleifend amet blandit facilisi condimentum commodo scelerisque faucibus aenean ullamcorper ante mauris dignissim consectetuer nullam lorem vestibulum habitant conubia elementum pellentesque morbi facilisis arcu sollicitudin diam cubilia aptent vestibulum auctor eget dapibus pellentesque inceptos leo egestas interdum nulla consectetuer suspendisse adipiscing pellentesque proin lobortis sollicitudin augue elit mus congue fermentum parturient fringilla euismod feugiat\n\nCurabitur class aliquam vestibulum nam curae maecenas sed integer cras phasellus suspendisse quisque donec dis praesent accumsan bibendum pellentesque condimentum adipiscing etiam consequat vivamus dictumst aliquam duis convallis scelerisque est parturient ullamcorper aliquet fusce suspendisse nunc hac eleifend amet blandit facilisi condimentum commodo scelerisque faucibus aenean ullamcorper ante mauris dignissim consectetuer nullam lorem vestibulum habitant conubia elementum pellentesque morbi facilisis arcu sollicitudin diam cubilia aptent vestibulum auctor eget dapibus pellentesque inceptos leo egestas interdum nulla consectetuer suspendisse adipiscing pellentesque proin lobortis sollicitudin augue elit mus congue fermentum parturient fringilla euismod feugiat\n\nCurabitur class aliquam vestibulum nam curae maecenas sed integer cras phasellus suspendisse quisque donec dis praesent accumsan bibendum pellentesque condimentum adipiscing etiam consequat vivamus dictumst aliquam duis convallis scelerisque est parturient ullamcorper aliquet fusce suspendisse nunc hac eleifend amet blandit facilisi condimentum commodo scelerisque faucibus aenean ullamcorper ante mauris dignissim consectetuer nullam lorem vestibulum habitant conubia elementum pellentesque morbi facilisis arcu sollicitudin diam cubilia aptent vestibulum auctor eget dapibus pellentesque inceptos leo egestas interdum nulla consectetuer suspendisse adipiscing pellentesque proin lobortis sollicitudin augue elit mus congue fermentum parturient fringilla euismod feugiat\n\nCurabitur class aliquam vestibulum nam curae maecenas sed integer cras phasellus suspendisse quisque donec dis praesent accumsan bibendum pellentesque condimentum adipiscing etiam consequat vivamus dictumst aliquam duis convallis scelerisque est parturient ullamcorper aliquet fusce suspendisse nunc hac eleifend amet blandit facilisi condimentum commodo scelerisque faucibus aenean ullamcorper ante mauris dignissim consectetuer nullam lorem vestibulum habitant conubia elementum pellentesque morbi facilisis arcu sollicitudin diam cubilia aptent vestibulum auctor eget dapibus pellentesque inceptos leo egestas interdum nulla consectetuer suspendisse adipiscing pellentesque proin lobortis sollicitudin augue elit mus congue fermentum parturient fringilla euismod feugiat\n\nCurabitur class aliquam vestibulum nam curae maecenas sed integer cras phasellus suspendisse quisque donec dis praesent accumsan bibendum pellentesque condimentum adipiscing etiam consequat vivamus dictumst aliquam duis convallis scelerisque est parturient ullamcorper aliquet fusce suspendisse nunc hac eleifend amet blandit facilisi condimentum commodo scelerisque faucibus aenean ullamcorper ante mauris dignissim consectetuer nullam lorem vestibulum habitant conubia elementum pellentesque morbi facilisis arcu sollicitudin diam cubilia aptent vestibulum auctor eget dapibus pellentesque inceptos leo egestas interdum nulla consectetuer suspendisse adipiscing pellentesque proin lobortis sollicitudin augue elit mus congue fermentum parturient fringilla euismod feugiat"
      },
      {
        "UniqueId": "Group-1-Item-3",
        "Title": "Roskilde Congress Center",
        "Subtitle": "Item Subtitle: 3",
        "ImagePath": "Assets/roskilde congress.jpg",
        "Description" : "Item Description: Pellentesque porta, mauris quis interdum vehicula, urna sapien ultrices velit, nec venenatis dui odio in augue. Cras posuere, enim a cursus convallis, neque turpis malesuada erat, ut adipiscing neque tortor ac erat.",
        "Content" : "Curabitur class aliquam vestibulum nam curae maecenas sed integer cras phasellus suspendisse quisque donec dis praesent accumsan bibendum pellentesque condimentum adipiscing etiam consequat vivamus dictumst aliquam duis convallis scelerisque est parturient ullamcorper aliquet fusce suspendisse nunc hac eleifend amet blandit facilisi condimentum commodo scelerisque faucibus aenean ullamcorper ante mauris dignissim consectetuer nullam lorem vestibulum habitant conubia elementum pellentesque morbi facilisis arcu sollicitudin diam cubilia aptent vestibulum auctor eget dapibus pellentesque inceptos leo egestas interdum nulla consectetuer suspendisse adipiscing pellentesque proin lobortis sollicitudin augue elit mus congue fermentum parturient fringilla euismod feugiat\n\nCurabitur class aliquam vestibulum nam curae maecenas sed integer cras phasellus suspendisse quisque donec dis praesent accumsan bibendum pellentesque condimentum adipiscing etiam consequat vivamus dictumst aliquam duis convallis scelerisque est parturient ullamcorper aliquet fusce suspendisse nunc hac eleifend amet blandit facilisi condimentum commodo scelerisque faucibus aenean ullamcorper ante mauris dignissim consectetuer nullam lorem vestibulum habitant conubia elementum pellentesque morbi facilisis arcu sollicitudin diam cubilia aptent vestibulum auctor eget dapibus pellentesque inceptos leo egestas interdum nulla consectetuer suspendisse adipiscing pellentesque proin lobortis sollicitudin augue elit mus congue fermentum parturient fringilla euismod feugiat\n\nCurabitur class aliquam vestibulum nam curae maecenas sed integer cras phasellus suspendisse quisque donec dis praesent accumsan bibendum pellentesque condimentum adipiscing etiam consequat vivamus dictumst aliquam duis convallis scelerisque est parturient ullamcorper aliquet fusce suspendisse nunc hac eleifend amet blandit facilisi condimentum commodo scelerisque faucibus aenean ullamcorper ante mauris dignissim consectetuer nullam lorem vestibulum habitant conubia elementum pellentesque morbi facilisis arcu sollicitudin diam cubilia aptent vestibulum auctor eget dapibus pellentesque inceptos leo egestas interdum nulla consectetuer suspendisse adipiscing pellentesque proin lobortis sollicitudin augue elit mus congue fermentum parturient fringilla euismod feugiat\n\nCurabitur class aliquam vestibulum nam curae maecenas sed integer cras phasellus suspendisse quisque donec dis praesent accumsan bibendum pellentesque condimentum adipiscing etiam consequat vivamus dictumst aliquam duis convallis scelerisque est parturient ullamcorper aliquet fusce suspendisse nunc hac eleifend amet blandit facilisi condimentum commodo scelerisque faucibus aenean ullamcorper ante mauris dignissim consectetuer nullam lorem vestibulum habitant conubia elementum pellentesque morbi facilisis arcu sollicitudin diam cubilia aptent vestibulum auctor eget dapibus pellentesque inceptos leo egestas interdum nulla consectetuer suspendisse adipiscing pellentesque proin lobortis sollicitudin augue elit mus congue fermentum parturient fringilla euismod feugiat\n\nCurabitur class aliquam vestibulum nam curae maecenas sed integer cras phasellus suspendisse quisque donec dis praesent accumsan bibendum pellentesque condimentum adipiscing etiam consequat vivamus dictumst aliquam duis convallis scelerisque est parturient ullamcorper aliquet fusce suspendisse nunc hac eleifend amet blandit facilisi condimentum commodo scelerisque faucibus aenean ullamcorper ante mauris dignissim consectetuer nullam lorem vestibulum habitant conubia elementum pellentesque morbi facilisis arcu sollicitudin diam cubilia aptent vestibulum auctor eget dapibus pellentesque inceptos leo egestas interdum nulla consectetuer suspendisse adipiscing pellentesque proin lobortis sollicitudin augue elit mus congue fermentum parturient fringilla euismod feugiat\n\nCurabitur class aliquam vestibulum nam curae maecenas sed integer cras phasellus suspendisse quisque donec dis praesent accumsan bibendum pellentesque condimentum adipiscing etiam consequat vivamus dictumst aliquam duis convallis scelerisque est parturient ullamcorper aliquet fusce suspendisse nunc hac eleifend amet blandit facilisi condimentum commodo scelerisque faucibus aenean ullamcorper ante mauris dignissim consectetuer nullam lorem vestibulum habitant conubia elementum pellentesque morbi facilisis arcu sollicitudin diam cubilia aptent vestibulum auctor eget dapibus pellentesque inceptos leo egestas interdum nulla consectetuer suspendisse adipiscing pellentesque proin lobortis sollicitudin augue elit mus congue fermentum parturient fringilla euismod feugiat\n\nCurabitur class aliquam vestibulum nam curae maecenas sed integer cras phasellus suspendisse quisque donec dis praesent accumsan bibendum pellentesque condimentum adipiscing etiam consequat vivamus dictumst aliquam duis convallis scelerisque est parturient ullamcorper aliquet fusce suspendisse nunc hac eleifend amet blandit facilisi condimentum commodo scelerisque faucibus aenean ullamcorper ante mauris dignissim consectetuer nullam lorem vestibulum habitant conubia elementum pellentesque morbi facilisis arcu sollicitudin diam cubilia aptent vestibulum auctor eget dapibus pellentesque inceptos leo egestas interdum nulla consectetuer suspendisse adipiscing pellentesque proin lobortis sollicitudin augue elit mus congue fermentum parturient fringilla euismod feugiat"
      },
      {
        "UniqueId": "Group-1-Item-4",
        "Title": "Sports Hall",
        "Subtitle": "Item Subtitle: 4",
        "ImagePath": "Assets/sports.jpg",
        "Description" : "Item Description: Pellentesque porta, mauris quis interdum vehicula, urna sapien ultrices velit, nec venenatis dui odio in augue. Cras posuere, enim a cursus convallis, neque turpis malesuada erat, ut adipiscing neque tortor ac erat.",
        "Content" : "Curabitur class aliquam vestibulum nam curae maecenas sed integer cras phasellus suspendisse quisque donec dis praesent accumsan bibendum pellentesque condimentum adipiscing etiam consequat vivamus dictumst aliquam duis convallis scelerisque est parturient ullamcorper aliquet fusce suspendisse nunc hac eleifend amet blandit facilisi condimentum commodo scelerisque faucibus aenean ullamcorper ante mauris dignissim consectetuer nullam lorem vestibulum habitant conubia elementum pellentesque morbi facilisis arcu sollicitudin diam cubilia aptent vestibulum auctor eget dapibus pellentesque inceptos leo egestas interdum nulla consectetuer suspendisse adipiscing pellentesque proin lobortis sollicitudin augue elit mus congue fermentum parturient fringilla euismod feugiat\n\nCurabitur class aliquam vestibulum nam curae maecenas sed integer cras phasellus suspendisse quisque donec dis praesent accumsan bibendum pellentesque condimentum adipiscing etiam consequat vivamus dictumst aliquam duis convallis scelerisque est parturient ullamcorper aliquet fusce suspendisse nunc hac eleifend amet blandit facilisi condimentum commodo scelerisque faucibus aenean ullamcorper ante mauris dignissim consectetuer nullam lorem vestibulum habitant conubia elementum pellentesque morbi facilisis arcu sollicitudin diam cubilia aptent vestibulum auctor eget dapibus pellentesque inceptos leo egestas interdum nulla consectetuer suspendisse adipiscing pellentesque proin lobortis sollicitudin augue elit mus congue fermentum parturient fringilla euismod feugiat\n\nCurabitur class aliquam vestibulum nam curae maecenas sed integer cras phasellus suspendisse quisque donec dis praesent accumsan bibendum pellentesque condimentum adipiscing etiam consequat vivamus dictumst aliquam duis convallis scelerisque est parturient ullamcorper aliquet fusce suspendisse nunc hac eleifend amet blandit facilisi condimentum commodo scelerisque faucibus aenean ullamcorper ante mauris dignissim consectetuer nullam lorem vestibulum habitant conubia elementum pellentesque morbi facilisis arcu sollicitudin diam cubilia aptent vestibulum auctor eget dapibus pellentesque inceptos leo egestas interdum nulla consectetuer suspendisse adipiscing pellentesque proin lobortis sollicitudin augue elit mus congue fermentum parturient fringilla euismod feugiat\n\nCurabitur class aliquam vestibulum nam curae maecenas sed integer cras phasellus suspendisse quisque donec dis praesent accumsan bibendum pellentesque condimentum adipiscing etiam consequat vivamus dictumst aliquam duis convallis scelerisque est parturient ullamcorper aliquet fusce suspendisse nunc hac eleifend amet blandit facilisi condimentum commodo scelerisque faucibus aenean ullamcorper ante mauris dignissim consectetuer nullam lorem vestibulum habitant conubia elementum pellentesque morbi facilisis arcu sollicitudin diam cubilia aptent vestibulum auctor eget dapibus pellentesque inceptos leo egestas interdum nulla consectetuer suspendisse adipiscing pellentesque proin lobortis sollicitudin augue elit mus congue fermentum parturient fringilla euismod feugiat\n\nCurabitur class aliquam vestibulum nam curae maecenas sed integer cras phasellus suspendisse quisque donec dis praesent accumsan bibendum pellentesque condimentum adipiscing etiam consequat vivamus dictumst aliquam duis convallis scelerisque est parturient ullamcorper aliquet fusce suspendisse nunc hac eleifend amet blandit facilisi condimentum commodo scelerisque faucibus aenean ullamcorper ante mauris dignissim consectetuer nullam lorem vestibulum habitant conubia elementum pellentesque morbi facilisis arcu sollicitudin diam cubilia aptent vestibulum auctor eget dapibus pellentesque inceptos leo egestas interdum nulla consectetuer suspendisse adipiscing pellentesque proin lobortis sollicitudin augue elit mus congue fermentum parturient fringilla euismod feugiat\n\nCurabitur class aliquam vestibulum nam curae maecenas sed integer cras phasellus suspendisse quisque donec dis praesent accumsan bibendum pellentesque condimentum adipiscing etiam consequat vivamus dictumst aliquam duis convallis scelerisque est parturient ullamcorper aliquet fusce suspendisse nunc hac eleifend amet blandit facilisi condimentum commodo scelerisque faucibus aenean ullamcorper ante mauris dignissim consectetuer nullam lorem vestibulum habitant conubia elementum pellentesque morbi facilisis arcu sollicitudin diam cubilia aptent vestibulum auctor eget dapibus pellentesque inceptos leo egestas interdum nulla consectetuer suspendisse adipiscing pellentesque proin lobortis sollicitudin augue elit mus congue fermentum parturient fringilla euismod feugiat\n\nCurabitur class aliquam vestibulum nam curae maecenas sed integer cras phasellus suspendisse quisque donec dis praesent accumsan bibendum pellentesque condimentum adipiscing etiam consequat vivamus dictumst aliquam duis convallis scelerisque est parturient ullamcorper aliquet fusce suspendisse nunc hac eleifend amet blandit facilisi condimentum commodo scelerisque faucibus aenean ullamcorper ante mauris dignissim consectetuer nullam lorem vestibulum habitant conubia elementum pellentesque morbi facilisis arcu sollicitudin diam cubilia aptent vestibulum auctor eget dapibus pellentesque inceptos leo egestas interdum nulla consectetuer suspendisse adipiscing pellentesque proin lobortis sollicitudin augue elit mus congue fermentum parturient fringilla euismod feugiat"
      },
      {
        "UniqueId": "Group-1-Item-5",
        "Title": "Roskilde Cathedral",
        "Subtitle": "Item Subtitle: 5",
        "ImagePath": "Assets/roskilde cathedral.jpg",
        "Description" : "Item Description: Pellentesque porta, mauris quis interdum vehicula, urna sapien ultrices velit, nec venenatis dui odio in augue. Cras posuere, enim a cursus convallis, neque turpis malesuada erat, ut adipiscing neque tortor ac erat.",
        "Content" : "Curabitur class aliquam vestibulum nam curae maecenas sed integer cras phasellus suspendisse quisque donec dis praesent accumsan bibendum pellentesque condimentum adipiscing etiam consequat vivamus dictumst aliquam duis convallis scelerisque est parturient ullamcorper aliquet fusce suspendisse nunc hac eleifend amet blandit facilisi condimentum commodo scelerisque faucibus aenean ullamcorper ante mauris dignissim consectetuer nullam lorem vestibulum habitant conubia elementum pellentesque morbi facilisis arcu sollicitudin diam cubilia aptent vestibulum auctor eget dapibus pellentesque inceptos leo egestas interdum nulla consectetuer suspendisse adipiscing pellentesque proin lobortis sollicitudin augue elit mus congue fermentum parturient fringilla euismod feugiat\n\nCurabitur class aliquam vestibulum nam curae maecenas sed integer cras phasellus suspendisse quisque donec dis praesent accumsan bibendum pellentesque condimentum adipiscing etiam consequat vivamus dictumst aliquam duis convallis scelerisque est parturient ullamcorper aliquet fusce suspendisse nunc hac eleifend amet blandit facilisi condimentum commodo scelerisque faucibus aenean ullamcorper ante mauris dignissim consectetuer nullam lorem vestibulum habitant conubia elementum pellentesque morbi facilisis arcu sollicitudin diam cubilia aptent vestibulum auctor eget dapibus pellentesque inceptos leo egestas interdum nulla consectetuer suspendisse adipiscing pellentesque proin lobortis sollicitudin augue elit mus congue fermentum parturient fringilla euismod feugiat\n\nCurabitur class aliquam vestibulum nam curae maecenas sed integer cras phasellus suspendisse quisque donec dis praesent accumsan bibendum pellentesque condimentum adipiscing etiam consequat vivamus dictumst aliquam duis convallis scelerisque est parturient ullamcorper aliquet fusce suspendisse nunc hac eleifend amet blandit facilisi condimentum commodo scelerisque faucibus aenean ullamcorper ante mauris dignissim consectetuer nullam lorem vestibulum habitant conubia elementum pellentesque morbi facilisis arcu sollicitudin diam cubilia aptent vestibulum auctor eget dapibus pellentesque inceptos leo egestas interdum nulla consectetuer suspendisse adipiscing pellentesque proin lobortis sollicitudin augue elit mus congue fermentum parturient fringilla euismod feugiat\n\nCurabitur class aliquam vestibulum nam curae maecenas sed integer cras phasellus suspendisse quisque donec dis praesent accumsan bibendum pellentesque condimentum adipiscing etiam consequat vivamus dictumst aliquam duis convallis scelerisque est parturient ullamcorper aliquet fusce suspendisse nunc hac eleifend amet blandit facilisi condimentum commodo scelerisque faucibus aenean ullamcorper ante mauris dignissim consectetuer nullam lorem vestibulum habitant conubia elementum pellentesque morbi facilisis arcu sollicitudin diam cubilia aptent vestibulum auctor eget dapibus pellentesque inceptos leo egestas interdum nulla consectetuer suspendisse adipiscing pellentesque proin lobortis sollicitudin augue elit mus congue fermentum parturient fringilla euismod feugiat\n\nCurabitur class aliquam vestibulum nam curae maecenas sed integer cras phasellus suspendisse quisque donec dis praesent accumsan bibendum pellentesque condimentum adipiscing etiam consequat vivamus dictumst aliquam duis convallis scelerisque est parturient ullamcorper aliquet fusce suspendisse nunc hac eleifend amet blandit facilisi condimentum commodo scelerisque faucibus aenean ullamcorper ante mauris dignissim consectetuer nullam lorem vestibulum habitant conubia elementum pellentesque morbi facilisis arcu sollicitudin diam cubilia aptent vestibulum auctor eget dapibus pellentesque inceptos leo egestas interdum nulla consectetuer suspendisse adipiscing pellentesque proin lobortis sollicitudin augue elit mus congue fermentum parturient fringilla euismod feugiat\n\nCurabitur class aliquam vestibulum nam curae maecenas sed integer cras phasellus suspendisse quisque donec dis praesent accumsan bibendum pellentesque condimentum adipiscing etiam consequat vivamus dictumst aliquam duis convallis scelerisque est parturient ullamcorper aliquet fusce suspendisse nunc hac eleifend amet blandit facilisi condimentum commodo scelerisque faucibus aenean ullamcorper ante mauris dignissim consectetuer nullam lorem vestibulum habitant conubia elementum pellentesque morbi facilisis arcu sollicitudin diam cubilia aptent vestibulum auctor eget dapibus pellentesque inceptos leo egestas interdum nulla consectetuer suspendisse adipiscing pellentesque proin lobortis sollicitudin augue elit mus congue fermentum parturient fringilla euismod feugiat\n\nCurabitur class aliquam vestibulum nam curae maecenas sed integer cras phasellus suspendisse quisque donec dis praesent accumsan bibendum pellentesque condimentum adipiscing etiam consequat vivamus dictumst aliquam duis convallis scelerisque est parturient ullamcorper aliquet fusce suspendisse nunc hac eleifend amet blandit facilisi condimentum commodo scelerisque faucibus aenean ullamcorper ante mauris dignissim consectetuer nullam lorem vestibulum habitant conubia elementum pellentesque morbi facilisis arcu sollicitudin diam cubilia aptent vestibulum auctor eget dapibus pellentesque inceptos leo egestas interdum nulla consectetuer suspendisse adipiscing pellentesque proin lobortis sollicitudin augue elit mus congue fermentum parturient fringilla euismod feugiat"
      }
    ]
  }
]
}